アルコール,通貨,ルーレット,爪楊枝
ルーズリーフ,カステラ,トイレ,ジャズ
フィギュア,ラケット,レコード,頭痛
アクセサリ,トマト,動物,ウイスキー
アルパカ,トゲ,つくし,イクラ
カーペット,ゲレンデ,信号,ライト
トイレ,電灯,ウクレレ,トロフィー
列車,ウエディング,レスリング,イヤリング
焼肉,グラウンド,グローブ,グルメ
クレジットカード,ドラム,ブロッコリー,メガネ
ドーナツ,麦,イエローカード,ネクタイ
梅雨,ギア,ドーナツ,インドア
ユニフォーム,アイスクリーム,梅雨,穴
ムカデ,息子,夕食,ナメクジ
デニム,高校生,クーラー,ジーンズ
紫,イタリア,アルバム,ずぶ濡れ
教室,足,蒸し焼き,レコード
ツバメ,ショーケース,キャップ,ドラッグ
メジャー,スピード,プラモデル,グラフィクス
アゲハチョウ,ドミノ,ルビー,スパゲティ
ウイルス,ノイズ,インドア,イエロー
スパゲッティ,頭痛,頭,オーケストラ
田舎,ウイルス,マッサージ,ラッシュアワー
家族,ストレート,ジョギング,アトリエ
クイズ,トースト,グリーンピース,英語
頭痛,トラベル,スリーブ,ごま油
ウサギ,ルーレット,ブランコ,ラブレター
餃子,都内,コート,アルバム
座席,イチョウ,トロフィー,向こう岸
キャップ,腕,イカ,植物
プラスチック,電車,カラス,ツーショット
クリスマス,薬局,スポットライト,トーナメント
スイッチ,蜘蛛の巣,トレッキング,トーク
中学,スプリング,群青,クリームチーズ
クラブハウス,グラス,ウインナー,ずれ込み
スケート,スキー,アルミ,ミルク
トウモロコシ,インテリ,ミュージック,クレジットカード
信号,リアルタイム,クルマ,ドライヤー
ウォーキング,結び,マンガ,アイスホッケー
グリンピース,屏風,ガソリンスタンド,エステ
ストレート,ブレーキ,動力,テレビ
トンネル,教室,クマ,ビー玉
留守,釣り,マフラー,マラカス
スキー,リゾット,アンケート,ステップ
犬,トランプ,トランク,プロペラ